{"group1": {"metrics": {"missing_values": 0, "total_samples": 4, "total_features": 54675, "value_range": {"min": 2.187841072, "max": 15.8749221}, "sample_names": ["GSM309986", "GSM309987", "GSM309988", "GSM309989"], "mean_values_per_sample": [4.8833756708290075, 4.904178223053132, 4.86726395763177, 4.890456150764079], "missing_values_per_sample": [0, 0, 0, 0], "quality_scores": [1.0, 1.0, 1.0, 1.0]}, "plot_files": {"boxplot": "group1_boxplot.png", "density": "group1_density.png", "missing_values": "group1_missing_values.png", "correlation": "group1_correlation.png"}}, "group2": {"metrics": {"missing_values": 0, "total_samples": 5, "total_features": 54675, "value_range": {"min": 2.187841072, "max": 15.89084177}, "sample_names": ["GSM310014", "GSM310015", "GSM310016", "GSM310068", "GSM310070"], "mean_values_per_sample": [4.903313347194495, 4.9364558653923, 4.904679663136789, 4.938620245847553, 4.889380507145661], "missing_values_per_sample": [0, 0, 0, 0, 0], "quality_scores": [1.0, 1.0, 1.0, 1.0, 1.0]}, "plot_files": {"boxplot": "group2_boxplot.png", "density": "group2_density.png", "missing_values": "group2_missing_values.png", "correlation": "group2_correlation.png"}}}